"Campaign","Ad group","Asset","Index","Text","Characters","Limit","Final URL"
"DTPT Techs Search Viet Nam 30000","Thiết bị đo điện tử","Headline","1","DTPT Techs","10","30","https://dtpt.shop/san-pham/rigol-dho804"
"DTPT Techs Search Viet Nam 30000","Thiết bị đo điện tử","Headline","2","Thiết Bị Đo Điện Tử","19","30","https://dtpt.shop/san-pham/rigol-dho804"
"DTPT Techs Search Viet Nam 30000","Thiết bị đo điện tử","Headline","3","Máy Hiện Sóng RIGOL","19","30","https://dtpt.shop/san-pham/rigol-dho804"
"DTPT Techs Search Viet Nam 30000","Thiết bị đo điện tử","Headline","4","RIGOL DHO804 12-bit","19","30","https://dtpt.shop/san-pham/rigol-dho804"
"DTPT Techs Search Viet Nam 30000","Thiết bị đo điện tử","Headline","5","Máy Hiện Sóng 4 Kênh","20","30","https://dtpt.shop/san-pham/rigol-dho804"
"DTPT Techs Search Viet Nam 30000","Thiết bị đo điện tử","Headline","6","DHO804 Băng Thông 70 MHz","24","30","https://dtpt.shop/san-pham/rigol-dho804"
"DTPT Techs Search Viet Nam 30000","Thiết bị đo điện tử","Headline","7","Thiết Bị Cho Phòng R&D","22","30","https://dtpt.shop/san-pham/rigol-dho804"
"DTPT Techs Search Viet Nam 30000","Thiết bị đo điện tử","Headline","8","Báo Giá Theo Yêu Cầu","20","30","https://dtpt.shop/san-pham/rigol-dho804"
"DTPT Techs Search Viet Nam 30000","Thiết bị đo điện tử","Headline","9","Tư Vấn Chọn Thiết Bị","20","30","https://dtpt.shop/san-pham/rigol-dho804"
"DTPT Techs Search Viet Nam 30000","Thiết bị đo điện tử","Headline","10","Kiểm Tra Cấu Hình","17","30","https://dtpt.shop/san-pham/rigol-dho804"
"DTPT Techs Search Viet Nam 30000","Thiết bị đo điện tử","Headline","11","Xem Thông Số DHO804","19","30","https://dtpt.shop/san-pham/rigol-dho804"
"DTPT Techs Search Viet Nam 30000","Thiết bị đo điện tử","Headline","12","Gửi Model Cần Tìm","17","30","https://dtpt.shop/san-pham/rigol-dho804"
"DTPT Techs Search Viet Nam 30000","Thiết bị đo điện tử","Headline","13","Trao Đổi Trước Đặt Hàng","23","30","https://dtpt.shop/san-pham/rigol-dho804"
"DTPT Techs Search Viet Nam 30000","Thiết bị đo điện tử","Headline","14","Hỗ Trợ Kỹ Thuật","15","30","https://dtpt.shop/san-pham/rigol-dho804"
"DTPT Techs Search Viet Nam 30000","Thiết bị đo điện tử","Headline","15","Liên Hệ DTPT Techs","18","30","https://dtpt.shop/san-pham/rigol-dho804"
"DTPT Techs Search Viet Nam 30000","Thiết bị đo điện tử","Description","1","Máy hiện sóng RIGOL cho đo kiểm và R&D. Liên hệ DTPT Techs để nhận báo giá.","75","80","https://dtpt.shop/san-pham/rigol-dho804"
"DTPT Techs Search Viet Nam 30000","Thiết bị đo điện tử","Description","2","RIGOL DHO804: 4 kênh, 70 MHz, ADC 12-bit. Xem thông số và tư vấn cấu hình.","74","80","https://dtpt.shop/san-pham/rigol-dho804"
"DTPT Techs Search Viet Nam 30000","Thiết bị đo điện tử","Description","3","Gửi model, số lượng và nhu cầu đo kiểm. DTPT Techs sẽ trao đổi để chọn thiết bị.","80","80","https://dtpt.shop/san-pham/rigol-dho804"
"DTPT Techs Search Viet Nam 30000","Thiết bị đo điện tử","Description","4","Báo giá theo cấu hình và phụ kiện. Xác nhận tình trạng hàng trước khi đặt.","74","80","https://dtpt.shop/san-pham/rigol-dho804"
"DTPT Techs Search Viet Nam 30000","Remote I/O Advantech","Headline","1","DTPT Techs","10","30","https://dtpt.shop/san-pham/advantech-adam-6050-ethernet-digital-io"
"DTPT Techs Search Viet Nam 30000","Remote I/O Advantech","Headline","2","Remote I/O Advantech","20","30","https://dtpt.shop/san-pham/advantech-adam-6050-ethernet-digital-io"
"DTPT Techs Search Viet Nam 30000","Remote I/O Advantech","Headline","3","Advantech ADAM-6050","19","30","https://dtpt.shop/san-pham/advantech-adam-6050-ethernet-digital-io"
"DTPT Techs Search Viet Nam 30000","Remote I/O Advantech","Headline","4","Module I/O Ethernet","19","30","https://dtpt.shop/san-pham/advantech-adam-6050-ethernet-digital-io"
"DTPT Techs Search Viet Nam 30000","Remote I/O Advantech","Headline","5","12 DI Và 6 DO","13","30","https://dtpt.shop/san-pham/advantech-adam-6050-ethernet-digital-io"
"DTPT Techs Search Viet Nam 30000","Remote I/O Advantech","Headline","6","Kết Nối Modbus TCP","18","30","https://dtpt.shop/san-pham/advantech-adam-6050-ethernet-digital-io"
"DTPT Techs Search Viet Nam 30000","Remote I/O Advantech","Headline","7","ADAM-6050 Hỗ Trợ MQTT","21","30","https://dtpt.shop/san-pham/advantech-adam-6050-ethernet-digital-io"
"DTPT Techs Search Viet Nam 30000","Remote I/O Advantech","Headline","8","Báo Giá Theo Yêu Cầu","20","30","https://dtpt.shop/san-pham/advantech-adam-6050-ethernet-digital-io"
"DTPT Techs Search Viet Nam 30000","Remote I/O Advantech","Headline","9","Tư Vấn Chọn Module I/O","22","30","https://dtpt.shop/san-pham/advantech-adam-6050-ethernet-digital-io"
"DTPT Techs Search Viet Nam 30000","Remote I/O Advantech","Headline","10","Thu Thập Dữ Liệu Máy","20","30","https://dtpt.shop/san-pham/advantech-adam-6050-ethernet-digital-io"
"DTPT Techs Search Viet Nam 30000","Remote I/O Advantech","Headline","11","Xem Thông Số ADAM-6050","22","30","https://dtpt.shop/san-pham/advantech-adam-6050-ethernet-digital-io"
"DTPT Techs Search Viet Nam 30000","Remote I/O Advantech","Headline","12","Kiểm Tra Nguồn Và Giao Tiếp","27","30","https://dtpt.shop/san-pham/advantech-adam-6050-ethernet-digital-io"
"DTPT Techs Search Viet Nam 30000","Remote I/O Advantech","Headline","13","Gửi Model Cần Tìm","17","30","https://dtpt.shop/san-pham/advantech-adam-6050-ethernet-digital-io"
"DTPT Techs Search Viet Nam 30000","Remote I/O Advantech","Headline","14","Hỗ Trợ Kỹ Thuật","15","30","https://dtpt.shop/san-pham/advantech-adam-6050-ethernet-digital-io"
"DTPT Techs Search Viet Nam 30000","Remote I/O Advantech","Headline","15","Liên Hệ DTPT Techs","18","30","https://dtpt.shop/san-pham/advantech-adam-6050-ethernet-digital-io"
"DTPT Techs Search Viet Nam 30000","Remote I/O Advantech","Description","1","Advantech ADAM-6050: 12 DI, 6 DO qua Ethernet. Liên hệ để nhận báo giá.","71","80","https://dtpt.shop/san-pham/advantech-adam-6050-ethernet-digital-io"
"DTPT Techs Search Viet Nam 30000","Remote I/O Advantech","Description","2","Hỗ trợ Modbus TCP và MQTT. Trao đổi nguồn cấp, giao tiếp trước khi chọn module.","79","80","https://dtpt.shop/san-pham/advantech-adam-6050-ethernet-digital-io"
"DTPT Techs Search Viet Nam 30000","Remote I/O Advantech","Description","3","Gửi model và số lượng cần mua. DTPT Techs tư vấn cấu hình theo yêu cầu.","71","80","https://dtpt.shop/san-pham/advantech-adam-6050-ethernet-digital-io"
"DTPT Techs Search Viet Nam 30000","Remote I/O Advantech","Description","4","Module I/O cho giám sát máy và kết nối hệ thống. Xem thông số ADAM-6050.","72","80","https://dtpt.shop/san-pham/advantech-adam-6050-ethernet-digital-io"
