"Asset","Text","Description 1","Description 2","Final URL"
"Sitelink","Máy Hiện Sóng RIGOL","DHO804, 4 kênh, 70 MHz","Xem thông số và hỏi báo giá","https://dtpt.shop/san-pham/rigol-dho804"
"Sitelink","Remote I/O Advantech","ADAM-6050, 12 DI và 6 DO","Trao đổi cấu hình và giao tiếp","https://dtpt.shop/san-pham/advantech-adam-6050-ethernet-digital-io"
"Sitelink","Danh Mục Thiết Bị","Tìm model theo nhóm sản phẩm","Xem cấu hình và thông số","https://dtpt.shop/san-pham"
"Sitelink","Hướng Dẫn Mua Hàng","Quy trình tư vấn và đặt hàng","Giao nhận và điều kiện bảo hành","https://dtpt.shop/huong-dan-mua-hang"
"Callout","Tư vấn cấu hình","","",""
"Callout","Báo giá theo yêu cầu","","",""
"Callout","Hỗ trợ kỹ thuật","","",""
"Callout","Thông số theo tài liệu","","",""
"Structured snippet: Types","Máy hiện sóng","","",""
"Structured snippet: Types","Remote I/O","","",""
"Structured snippet: Types","Máy tính công nghiệp","","",""
"Structured snippet: Types","Camera công nghiệp","","",""
"Business name","DTPT Techs","","","https://dtpt.shop/"
"Call asset","0903 463 185","","",""
