"Ad group","Keyword","Status"
"Thiết bị đo điện tử","mua máy hiện sóng","SEEDS_ONLY_NOT_RESEARCHED"
"Thiết bị đo điện tử","báo giá máy hiện sóng","SEEDS_ONLY_NOT_RESEARCHED"
"Thiết bị đo điện tử","máy hiện sóng rigol","SEEDS_ONLY_NOT_RESEARCHED"
"Thiết bị đo điện tử","rigol dho804","SEEDS_ONLY_NOT_RESEARCHED"
"Thiết bị đo điện tử","báo giá rigol dho804","SEEDS_ONLY_NOT_RESEARCHED"
"Thiết bị đo điện tử","máy hiện sóng 4 kênh","SEEDS_ONLY_NOT_RESEARCHED"
"Remote I/O Advantech","advantech adam 6050","SEEDS_ONLY_NOT_RESEARCHED"
"Remote I/O Advantech","mua adam 6050","SEEDS_ONLY_NOT_RESEARCHED"
"Remote I/O Advantech","báo giá adam 6050","SEEDS_ONLY_NOT_RESEARCHED"
"Remote I/O Advantech","module io ethernet","SEEDS_ONLY_NOT_RESEARCHED"
"Remote I/O Advantech","remote io advantech","SEEDS_ONLY_NOT_RESEARCHED"
"Remote I/O Advantech","module io modbus tcp","SEEDS_ONLY_NOT_RESEARCHED"
"Campaign negative candidate","tuyển dụng","REVIEW_REQUIRED"
"Campaign negative candidate","việc làm","REVIEW_REQUIRED"
"Campaign negative candidate","đồ án","REVIEW_REQUIRED"
"Campaign negative candidate","miễn phí","REVIEW_REQUIRED"
"Campaign negative candidate","crack","REVIEW_REQUIRED"
"Campaign negative candidate","sửa chữa","REVIEW_REQUIRED"
